admit_type,Patient_Count,Avg_LOSdays,Mortality_Rate,Mortality_Rate(%)
ELECTIVE,7706,8.864605502206073,0.02556449519854659,2.56
EMERGENCY,42071,10.017184996791139,0.12916260607069002,12.92
NEWBORN,7863,11.49629530713468,0.007885031158590869,0.79
URGENT,1336,12.275875748502994,0.12050898203592815,12.05
